Username,TanggalRefund,IdWahana,JumlahTiket
a,24/04/2020,AAA003,80
-,-,-,-
-,-,-,-
-,-,-,-
-,-,-,-
-,-,-,-
-,-,-,-
-,-,-,-
-,-,-,-
-,-,-,-
-,-,-,-
-,-,-,-
-,-,-,-
-,-,-,-
-,-,-,-
-,-,-,-
-,-,-,-
-,-,-,-
-,-,-,-
-,-,-,-
-,-,-,-
-,-,-,-
-,-,-,-
-,-,-,-
-,-,-,-
-,-,-,-
-,-,-,-
-,-,-,-
-,-,-,-
-,-,-,-
-,-,-,-
-,-,-,-
-,-,-,-
-,-,-,-
-,-,-,-
-,-,-,-
-,-,-,-
-,-,-,-
-,-,-,-
-,-,-,-
-,-,-,-
-,-,-,-
-,-,-,-
-,-,-,-
-,-,-,-
-,-,-,-
-,-,-,-
-,-,-,-
-,-,-,-
-,-,-,-
-,-,-,-
-,-,-,-
-,-,-,-
-,-,-,-
-,-,-,-
-,-,-,-
-,-,-,-
-,-,-,-
-,-,-,-
-,-,-,-
-,-,-,-
-,-,-,-
-,-,-,-
-,-,-,-
-,-,-,-
-,-,-,-
-,-,-,-
-,-,-,-
-,-,-,-
-,-,-,-
-,-,-,-
-,-,-,-
-,-,-,-
-,-,-,-
-,-,-,-
-,-,-,-
-,-,-,-
-,-,-,-
-,-,-,-
-,-,-,-
-,-,-,-
-,-,-,-
-,-,-,-
-,-,-,-
-,-,-,-
-,-,-,-
-,-,-,-
-,-,-,-
-,-,-,-
-,-,-,-
-,-,-,-
-,-,-,-
-,-,-,-
-,-,-,-
-,-,-,-
-,-,-,-
-,-,-,-
-,-,-,-
-,-,-,-
-,-,-,-
-,-,-,-
-,-,-,-
-,-,-,-
-,-,-,-
-,-,-,-
-,-,-,-
-,-,-,-
-,-,-,-
-,-,-,-
-,-,-,-
-,-,-,-
-,-,-,-
-,-,-,-
-,-,-,-
-,-,-,-
-,-,-,-
-,-,-,-
-,-,-,-
-,-,-,-
-,-,-,-
-,-,-,-
-,-,-,-
-,-,-,-
-,-,-,-
-,-,-,-
-,-,-,-
-,-,-,-
-,-,-,-
-,-,-,-
-,-,-,-
-,-,-,-
-,-,-,-
-,-,-,-
-,-,-,-
-,-,-,-
-,-,-,-
-,-,-,-
-,-,-,-
-,-,-,-
-,-,-,-
-,-,-,-
-,-,-,-
-,-,-,-
-,-,-,-
-,-,-,-
-,-,-,-
-,-,-,-
-,-,-,-
-,-,-,-
-,-,-,-
-,-,-,-
-,-,-,-
-,-,-,-
-,-,-,-
-,-,-,-
-,-,-,-
-,-,-,-
-,-,-,-
-,-,-,-
-,-,-,-
-,-,-,-
-,-,-,-
-,-,-,-
-,-,-,-
-,-,-,-
-,-,-,-
-,-,-,-
-,-,-,-
-,-,-,-
-,-,-,-
-,-,-,-
-,-,-,-
-,-,-,-
-,-,-,-
-,-,-,-
-,-,-,-
-,-,-,-
-,-,-,-
-,-,-,-
-,-,-,-
-,-,-,-
-,-,-,-
-,-,-,-
-,-,-,-
-,-,-,-
-,-,-,-
-,-,-,-
-,-,-,-
-,-,-,-
-,-,-,-
-,-,-,-
-,-,-,-
-,-,-,-
-,-,-,-
-,-,-,-
-,-,-,-
-,-,-,-
-,-,-,-
-,-,-,-
-,-,-,-
-,-,-,-
-,-,-,-
-,-,-,-
-,-,-,-
-,-,-,-
-,-,-,-
-,-,-,-
-,-,-,-
-,-,-,-
-,-,-,-
-,-,-,-
-,-,-,-
-,-,-,-
-,-,-,-
-,-,-,-
-,-,-,-
-,-,-,-
-,-,-,-
-,-,-,-
-,-,-,-
-,-,-,-
-,-,-,-
-,-,-,-
-,-,-,-
-,-,-,-
-,-,-,-
-,-,-,-
-,-,-,-
-,-,-,-
-,-,-,-
-,-,-,-
-,-,-,-
-,-,-,-
-,-,-,-
-,-,-,-
-,-,-,-
-,-,-,-
-,-,-,-
-,-,-,-
-,-,-,-
-,-,-,-
-,-,-,-
-,-,-,-
-,-,-,-
-,-,-,-
-,-,-,-
-,-,-,-
-,-,-,-
-,-,-,-
-,-,-,-
-,-,-,-
-,-,-,-
-,-,-,-
-,-,-,-
-,-,-,-
-,-,-,-
-,-,-,-
-,-,-,-
-,-,-,-
-,-,-,-
-,-,-,-
-,-,-,-
-,-,-,-
-,-,-,-
-,-,-,-
-,-,-,-
-,-,-,-
-,-,-,-
-,-,-,-
-,-,-,-
-,-,-,-
-,-,-,-
-,-,-,-
-,-,-,-
-,-,-,-
-,-,-,-
-,-,-,-
-,-,-,-
-,-,-,-
-,-,-,-
-,-,-,-
-,-,-,-
-,-,-,-
-,-,-,-
-,-,-,-
-,-,-,-
-,-,-,-
-,-,-,-
-,-,-,-
-,-,-,-
-,-,-,-
-,-,-,-
-,-,-,-
-,-,-,-
-,-,-,-
-,-,-,-
-,-,-,-
-,-,-,-
-,-,-,-
-,-,-,-
-,-,-,-
-,-,-,-
-,-,-,-
-,-,-,-
-,-,-,-
-,-,-,-
-,-,-,-
-,-,-,-
-,-,-,-
-,-,-,-
-,-,-,-
-,-,-,-
-,-,-,-
-,-,-,-
-,-,-,-
-,-,-,-
-,-,-,-
-,-,-,-
-,-,-,-
-,-,-,-
-,-,-,-
-,-,-,-
-,-,-,-
-,-,-,-
-,-,-,-
-,-,-,-
-,-,-,-
-,-,-,-
-,-,-,-
-,-,-,-
-,-,-,-
-,-,-,-
-,-,-,-
-,-,-,-
-,-,-,-
-,-,-,-
-,-,-,-
-,-,-,-
-,-,-,-
-,-,-,-
-,-,-,-
-,-,-,-
-,-,-,-
-,-,-,-
-,-,-,-
-,-,-,-
-,-,-,-
-,-,-,-
-,-,-,-
-,-,-,-
-,-,-,-
-,-,-,-
-,-,-,-
-,-,-,-
-,-,-,-
-,-,-,-
-,-,-,-
-,-,-,-
-,-,-,-
-,-,-,-
-,-,-,-
-,-,-,-
-,-,-,-
-,-,-,-
-,-,-,-
-,-,-,-
-,-,-,-
-,-,-,-
-,-,-,-
-,-,-,-
-,-,-,-
-,-,-,-
-,-,-,-
-,-,-,-
-,-,-,-
-,-,-,-
-,-,-,-
-,-,-,-
-,-,-,-
-,-,-,-
-,-,-,-
-,-,-,-
-,-,-,-
-,-,-,-
-,-,-,-
-,-,-,-
-,-,-,-
-,-,-,-
-,-,-,-
-,-,-,-
-,-,-,-
-,-,-,-
-,-,-,-
-,-,-,-
-,-,-,-
-,-,-,-
-,-,-,-
-,-,-,-
-,-,-,-
-,-,-,-
-,-,-,-
-,-,-,-
-,-,-,-
-,-,-,-
-,-,-,-
-,-,-,-
-,-,-,-
-,-,-,-
-,-,-,-
-,-,-,-
-,-,-,-
-,-,-,-
-,-,-,-
-,-,-,-
-,-,-,-
-,-,-,-
-,-,-,-
-,-,-,-
-,-,-,-
-,-,-,-
-,-,-,-
-,-,-,-
-,-,-,-
-,-,-,-
-,-,-,-
-,-,-,-
-,-,-,-
-,-,-,-
-,-,-,-
-,-,-,-
-,-,-,-
-,-,-,-
-,-,-,-
-,-,-,-
-,-,-,-
-,-,-,-
-,-,-,-
-,-,-,-
-,-,-,-
-,-,-,-
-,-,-,-
-,-,-,-
-,-,-,-
-,-,-,-
-,-,-,-
-,-,-,-
-,-,-,-
-,-,-,-
-,-,-,-
-,-,-,-
-,-,-,-
-,-,-,-
-,-,-,-
-,-,-,-
-,-,-,-
-,-,-,-
-,-,-,-
-,-,-,-
-,-,-,-
-,-,-,-
-,-,-,-
-,-,-,-
-,-,-,-
-,-,-,-
-,-,-,-
-,-,-,-
-,-,-,-
-,-,-,-
-,-,-,-
-,-,-,-
-,-,-,-
-,-,-,-
-,-,-,-
-,-,-,-
-,-,-,-
-,-,-,-
-,-,-,-
-,-,-,-
-,-,-,-
-,-,-,-
-,-,-,-
-,-,-,-
-,-,-,-
-,-,-,-
-,-,-,-
-,-,-,-
-,-,-,-
-,-,-,-
-,-,-,-
-,-,-,-
-,-,-,-
-,-,-,-
-,-,-,-
-,-,-,-
-,-,-,-
-,-,-,-
-,-,-,-
-,-,-,-
-,-,-,-
-,-,-,-
-,-,-,-
-,-,-,-
-,-,-,-
-,-,-,-
-,-,-,-
-,-,-,-
-,-,-,-
-,-,-,-
-,-,-,-
-,-,-,-
-,-,-,-
-,-,-,-
-,-,-,-
-,-,-,-
-,-,-,-
-,-,-,-
-,-,-,-
-,-,-,-
-,-,-,-
-,-,-,-
-,-,-,-
-,-,-,-
-,-,-,-
-,-,-,-
-,-,-,-
-,-,-,-
-,-,-,-
-,-,-,-
-,-,-,-
-,-,-,-
-,-,-,-
-,-,-,-
-,-,-,-
-,-,-,-
-,-,-,-
-,-,-,-
-,-,-,-
-,-,-,-
-,-,-,-
-,-,-,-
-,-,-,-
-,-,-,-
-,-,-,-
-,-,-,-
-,-,-,-
-,-,-,-
-,-,-,-
-,-,-,-
-,-,-,-
-,-,-,-
-,-,-,-
-,-,-,-
-,-,-,-
-,-,-,-
-,-,-,-
-,-,-,-
-,-,-,-
-,-,-,-
-,-,-,-
-,-,-,-
-,-,-,-
-,-,-,-
-,-,-,-
-,-,-,-
-,-,-,-
-,-,-,-
-,-,-,-
-,-,-,-
-,-,-,-
-,-,-,-
-,-,-,-
-,-,-,-
-,-,-,-
-,-,-,-
-,-,-,-
-,-,-,-
-,-,-,-
-,-,-,-
-,-,-,-
-,-,-,-
-,-,-,-
-,-,-,-
-,-,-,-
-,-,-,-
-,-,-,-
-,-,-,-
-,-,-,-
-,-,-,-
-,-,-,-
-,-,-,-
-,-,-,-
-,-,-,-
-,-,-,-
-,-,-,-
-,-,-,-
-,-,-,-
-,-,-,-
-,-,-,-
-,-,-,-
-,-,-,-
-,-,-,-
-,-,-,-
-,-,-,-
-,-,-,-
-,-,-,-
-,-,-,-
-,-,-,-
-,-,-,-
-,-,-,-
-,-,-,-
-,-,-,-
-,-,-,-
-,-,-,-
-,-,-,-
-,-,-,-
-,-,-,-
-,-,-,-
-,-,-,-
-,-,-,-
-,-,-,-
-,-,-,-
-,-,-,-
-,-,-,-
-,-,-,-
-,-,-,-
-,-,-,-
-,-,-,-
-,-,-,-
-,-,-,-
-,-,-,-
-,-,-,-
-,-,-,-
-,-,-,-
-,-,-,-
-,-,-,-
-,-,-,-
-,-,-,-
-,-,-,-
-,-,-,-
-,-,-,-
-,-,-,-
-,-,-,-
-,-,-,-
-,-,-,-
-,-,-,-
-,-,-,-
-,-,-,-
-,-,-,-
-,-,-,-
-,-,-,-
-,-,-,-
-,-,-,-
-,-,-,-
-,-,-,-
-,-,-,-
-,-,-,-
-,-,-,-
-,-,-,-
-,-,-,-
-,-,-,-
-,-,-,-
-,-,-,-
-,-,-,-
-,-,-,-
-,-,-,-
-,-,-,-
-,-,-,-
-,-,-,-
-,-,-,-
-,-,-,-
-,-,-,-
-,-,-,-
-,-,-,-
-,-,-,-
-,-,-,-
-,-,-,-
-,-,-,-
-,-,-,-
-,-,-,-
-,-,-,-
-,-,-,-
-,-,-,-
-,-,-,-
-,-,-,-
-,-,-,-
-,-,-,-
-,-,-,-
-,-,-,-
-,-,-,-
-,-,-,-
-,-,-,-
-,-,-,-
-,-,-,-
-,-,-,-
-,-,-,-
-,-,-,-
-,-,-,-
-,-,-,-
-,-,-,-
-,-,-,-
-,-,-,-
-,-,-,-
-,-,-,-
-,-,-,-
-,-,-,-
-,-,-,-
-,-,-,-
-,-,-,-
-,-,-,-
-,-,-,-
-,-,-,-
-,-,-,-
-,-,-,-
-,-,-,-
-,-,-,-
-,-,-,-
-,-,-,-
-,-,-,-
-,-,-,-
-,-,-,-
-,-,-,-
-,-,-,-
-,-,-,-
-,-,-,-
-,-,-,-
-,-,-,-
-,-,-,-
-,-,-,-
-,-,-,-
-,-,-,-
-,-,-,-
-,-,-,-
-,-,-,-
-,-,-,-
-,-,-,-
-,-,-,-
-,-,-,-
-,-,-,-
-,-,-,-
-,-,-,-
-,-,-,-
-,-,-,-
-,-,-,-
-,-,-,-
-,-,-,-
-,-,-,-
-,-,-,-
-,-,-,-
-,-,-,-
-,-,-,-
-,-,-,-
-,-,-,-
-,-,-,-
-,-,-,-
-,-,-,-
-,-,-,-
-,-,-,-
-,-,-,-
-,-,-,-
-,-,-,-
-,-,-,-
-,-,-,-
-,-,-,-
-,-,-,-
-,-,-,-
-,-,-,-
-,-,-,-
-,-,-,-
-,-,-,-
-,-,-,-
-,-,-,-
-,-,-,-
-,-,-,-
-,-,-,-
-,-,-,-
-,-,-,-
-,-,-,-
-,-,-,-
-,-,-,-
-,-,-,-
-,-,-,-
-,-,-,-
-,-,-,-
-,-,-,-
-,-,-,-
-,-,-,-
-,-,-,-
-,-,-,-
-,-,-,-
-,-,-,-
-,-,-,-
-,-,-,-
-,-,-,-
-,-,-,-
-,-,-,-
-,-,-,-
-,-,-,-
-,-,-,-
-,-,-,-
-,-,-,-
-,-,-,-
-,-,-,-
-,-,-,-
-,-,-,-
-,-,-,-
-,-,-,-
-,-,-,-
-,-,-,-
-,-,-,-
-,-,-,-
-,-,-,-
-,-,-,-
-,-,-,-
-,-,-,-
-,-,-,-
-,-,-,-
-,-,-,-
-,-,-,-
-,-,-,-
-,-,-,-
-,-,-,-
-,-,-,-
-,-,-,-
-,-,-,-
-,-,-,-
-,-,-,-
-,-,-,-
-,-,-,-
-,-,-,-
-,-,-,-
-,-,-,-
-,-,-,-
-,-,-,-
-,-,-,-
-,-,-,-
-,-,-,-
-,-,-,-
-,-,-,-
-,-,-,-
-,-,-,-
-,-,-,-
-,-,-,-
-,-,-,-
-,-,-,-
-,-,-,-
-,-,-,-
-,-,-,-
-,-,-,-
-,-,-,-
-,-,-,-
-,-,-,-
-,-,-,-
-,-,-,-
-,-,-,-
-,-,-,-
-,-,-,-
-,-,-,-
-,-,-,-
-,-,-,-
-,-,-,-
-,-,-,-
-,-,-,-
-,-,-,-
-,-,-,-
-,-,-,-
-,-,-,-
-,-,-,-
-,-,-,-
-,-,-,-
-,-,-,-
-,-,-,-
-,-,-,-
-,-,-,-
-,-,-,-
-,-,-,-
-,-,-,-
-,-,-,-
-,-,-,-
-,-,-,-
-,-,-,-
-,-,-,-
-,-,-,-
-,-,-,-
-,-,-,-
-,-,-,-
-,-,-,-
-,-,-,-
-,-,-,-
-,-,-,-
-,-,-,-
-,-,-,-
-,-,-,-
-,-,-,-
-,-,-,-
-,-,-,-
-,-,-,-
-,-,-,-
-,-,-,-
-,-,-,-
-,-,-,-
-,-,-,-
-,-,-,-
-,-,-,-
-,-,-,-
-,-,-,-
-,-,-,-
-,-,-,-
-,-,-,-
-,-,-,-
-,-,-,-
-,-,-,-
-,-,-,-
-,-,-,-
-,-,-,-
-,-,-,-
-,-,-,-
-,-,-,-
-,-,-,-
-,-,-,-
-,-,-,-
-,-,-,-
-,-,-,-
-,-,-,-
-,-,-,-
-,-,-,-
-,-,-,-
-,-,-,-
-,-,-,-
-,-,-,-
-,-,-,-
-,-,-,-
-,-,-,-
-,-,-,-
-,-,-,-
-,-,-,-
-,-,-,-
-,-,-,-
-,-,-,-
-,-,-,-
-,-,-,-
-,-,-,-
-,-,-,-
-,-,-,-
-,-,-,-
-,-,-,-
-,-,-,-
-,-,-,-
-,-,-,-
-,-,-,-
-,-,-,-
-,-,-,-
-,-,-,-
-,-,-,-
-,-,-,-
-,-,-,-
-,-,-,-
-,-,-,-
-,-,-,-
-,-,-,-
-,-,-,-
-,-,-,-
-,-,-,-
-,-,-,-
-,-,-,-
-,-,-,-
-,-,-,-
-,-,-,-
-,-,-,-
-,-,-,-
-,-,-,-
-,-,-,-
-,-,-,-
-,-,-,-
-,-,-,-
-,-,-,-
-,-,-,-
-,-,-,-
-,-,-,-
-,-,-,-
-,-,-,-
-,-,-,-
-,-,-,-
-,-,-,-
-,-,-,-
-,-,-,-
-,-,-,-
-,-,-,-
-,-,-,-
-,-,-,-
-,-,-,-
-,-,-,-
-,-,-,-
-,-,-,-
-,-,-,-
-,-,-,-
-,-,-,-
-,-,-,-
-,-,-,-
-,-,-,-
